id,valeur_NO2,valeur_CO,valeur_O3,valeur_PM10,valeur_PM25
0,2024-09-03 23,21.914392264199176,0.18428253725041782,32.274850764149186,12.18752393743435,6.351189641944334
1,2024-09-04 00,15.812398918650798,0.1553964123152669,44.69952312907236,12.156052849092067,7.635126430437283
2,2024-09-04 01,14.499918874257256,0.14794307937751297,44.68750188205042,12.780808202047226,7.629509152501585
3,2024-09-04 02,14.446881705937905,0.14530866565348532,44.77137151795961,11.88317414270432,7.4034204246234205
4,2024-09-04 03,14.526745686575321,0.14427172581587155,44.48381967612761,11.88317414270432,7.4034204246234205
5,2024-09-04 04,15.348928410266641,0.1445437936437673,40.12585050183832,12.661566681667091,7.491215929717684
6,2024-09-04 05,22.147441174293373,0.15345356064721263,32.5112185009814,14.703153007759498,7.627501323896015
7,2024-09-04 06,25.6017236103095,0.1714180985075298,31.70132477873572,16.3668373321118,8.512677206237493
8,2024-09-04 07,25.500103497379303,0.2071490415244806,31.378256144254657,19.54378066491404,9.167659606046394
9,2024-09-04 08,22.942946748146536,0.20626560106243574,37.81194491783292,20.352659222588056,9.231609443365603
10,2024-09-04 09,21.5116788611181,0.17178364090506898,42.12499573032152,20.119188810525923,9.132421268507585
11,2024-09-04 10,19.723774591181193,0.16505762789766118,49.9555896915074,18.77997883235632,9.085516258619643
12,2024-09-04 11,17.266055972597336,0.16240069842359844,55.83216987442378,18.774748913972548,9.085516258619643
13,2024-09-04 12,17.66173643604764,0.15859001992321287,61.4103467085748,18.44765968989132,8.937822749511128
14,2024-09-04 13,17.66173643604764,0.1568594030098683,61.96654597300002,17.858597979568483,8.402593415762503
15,2024-09-04 14,18.398938592323177,0.1568594030098683,61.93616453526874,17.705224997975197,8.24941392534014
16,2024-09-04 15,18.851375643508717,0.15734349934442932,61.27611318300703,17.221205127976027,8.24941392534014
17,2024-09-04 16,20.958579608358804,0.17530645589438812,55.406924962368045,17.254057435736414,8.325909681223303
18,2024-09-04 17,25.00178197616592,0.19442390544804136,52.37130040592787,17.309851730246923,8.99978444528424
19,2024-09-04 18,28.87022710050204,0.20436518741965037,46.52153462605645,17.770325741453725,9.775143366312998
20,2024-09-04 19,29.273154403268286,0.20875236899076488,39.97605064557608,17.654280440460358,10.121103229322058
21,2024-09-04 20,29.26060998906642,0.2087933144724963,38.08796837372112,16.869148288110253,9.643467009443881
22,2024-09-04 21,28.939109774269774,0.2063728976075475,35.25395544200789,16.304604817852937,8.971799189341482
23,2024-09-04 22,25.838549902564647,0.19482871651162237,35.51077126495276,16.35224458404354,8.37841918151612
24,2024-09-04 23,25.028586572286507,0.1866990159358581,35.53628566779651,15.950801844530233,8.111859017292273
25,2024-09-05 00,9.26311668549199,0.16132273398822042,47.11484980495691,10.247626933835651,4.388512385306188
26,2024-09-05 01,8.666539088426788,0.15879394462066246,47.12091904380226,10.236087166689158,4.383188436061961
27,2024-09-05 02,8.3264493134354,0.15541701413415096,47.61284156213624,8.39812829819842,4.384320825062624
28,2024-09-05 03,8.406313294072824,0.15200930004110222,47.512636734613665,8.39812829819842,4.3333399303185525
29,2024-09-05 04,10.412034618170173,0.1516456274072677,42.658892945207555,8.827463666932521,4.424345951830564
30,2024-09-05 05,19.204120057016883,0.1581739143598094,35.358485174805935,9.143047461559668,4.6514623404590445
31,2024-09-05 06,23.72394691411699,0.17475315480553827,33.43312907310236,9.927722977581853,4.648343776616112
32,2024-09-05 07,23.78995619953803,0.18796238915247715,33.3953945734205,11.390041937860062,5.390154147093088
33,2024-09-05 08,21.960542165537515,0.18718188424376273,38.819974847381005,11.253263671851775,5.275097943743943
34,2024-09-05 09,19.79622855680394,0.18278819092795878,39.73042061253707,11.19743251937784,5.1399847338688245
35,2024-09-05 10,16.75089422574343,0.17690484789656663,43.37994166229621,9.869910164641267,5.156398057741814
36,2024-09-05 11,15.490781921061242,0.1791019692599482,46.456834275491154,9.726027990175291,5.156398057741814
37,2024-09-05 12,15.268746640147457,0.1773311868143438,49.347271675265034,9.734679819198929,5.153359700471356
38,2024-09-05 13,15.268746640147457,0.17692825453920596,50.16078269853351,9.42967407593812,4.880384246187834
39,2024-09-05 14,15.173257820514802,0.16599257164256104,50.155915663645985,9.204391094657918,4.711079013160769
40,2024-09-05 15,15.958122384677402,0.16647666797712204,51.76562262272167,8.942908795137978,4.711079013160769
41,2024-09-05 16,20.460609310642973,0.18691427792680662,48.75668019766582,8.998739947611913,4.852946797603768
42,2024-09-05 17,20.833161548432315,0.2025103367495174,46.99663726605297,8.998739947611913,5.109069008548982
43,2024-09-05 18,21.303640148182403,0.20753427884463987,44.4604197526875,9.466799850322303,5.44759479260253
44,2024-09-05 19,20.823756410795664,0.2069234888228953,43.84850289580342,9.63256634660895,5.632507329565567
45,2024-09-05 20,19.44518732830715,0.20453816524758858,47.20867589776256,9.149602023341888,5.291102826125442
46,2024-09-05 21,18.58280513174783,0.1998892769624598,45.90501727201121,8.535859840807575,4.7879068240619915
47,2024-09-05 22,15.602112317671724,0.18448182773219943,45.75160333602367,7.969275800152657,4.355386737163408
48,2024-09-05 23,13.467528759343839,0.17812454899127156,45.75160333602367,7.803916762700363,4.320213642626493
49,2024-09-06 00,19.203222262930403,0.18335806815584502,37.8945073593117,16.333177009710454,8.18972109319597
50,2024-09-06 01,18.741517613025742,0.18029220223556544,37.76594474625848,16.333177009710454,8.175620327289167
51,2024-09-06 02,19.410202014505852,0.17688967905264408,36.66174991138745,15.125825551431507,7.954124025483742
52,2024-09-06 03,19.59093645913821,0.17688967905264408,35.331154666201066,15.151285974095313,7.954124025483742
53,2024-09-06 04,22.928127543971247,0.17730660977766372,30.771008034519614,15.871606421118774,8.098425029648343
54,2024-09-06 05,31.1286254912748,0.1849737042588773,24.710582133468108,18.94569969211639,8.365187290327501
55,2024-09-06 06,33.21555572190621,0.2034737783053929,24.039561193037223,19.62414232246517,9.237367966851997
56,2024-09-06 07,32.56043162717967,0.21682985438789545,24.708674450820318,22.17108067526298,10.247691649376705
57,2024-09-06 08,29.464942828857488,0.2142719303325634,31.41279670906641,22.360398402000893,10.117907473785452
58,2024-09-06 09,26.10425151910091,0.2018084435796408,41.95660895370349,22.198831284253163,9.99483910295817
59,2024-09-06 10,21.571486343968978,0.18829967287197366,50.702300315248884,20.393271666577856,9.917612227934262
60,2024-09-06 11,16.56527570787898,0.18148087967530627,59.733262593283364,20.109857768481476,9.804729557120165
61,2024-09-06 12,14.758742701842547,0.16830590035736548,68.95258146884956,19.986706719047213,9.672447063852664
62,2024-09-06 13,14.758742701842547,0.1661804268818856,70.88643622907708,19.353934401494598,9.043753702613255
63,2024-09-06 14,15.044580434753046,0.1661804268818856,71.09531351834777,19.24252395068651,8.878104839948005
64,2024-09-06 15,15.745438055797667,0.16666452321644662,71.05726788772175,18.974510180214576,8.878104839948005
65,2024-09-06 16,19.132390312121785,0.1881981041215666,64.75460039763307,18.974510180214576,9.354030202984838
66,2024-09-06 17,23.584741734334244,0.2103724360357874,53.273505444684744,18.985921159126548,10.089619708116903
67,2024-09-06 18,26.427966699382914,0.2253744220927901,45.40553794303208,19.12409418052625,11.0626098115805
68,2024-09-06 19,29.942695031791843,0.23672513376251472,38.23344363403594,19.243880397951568,11.469938909510704
69,2024-09-06 20,30.475337598819102,0.2346581416641927,37.27587885882289,19.65250025638803,10.923690316924791
70,2024-09-06 21,30.4047851842568,0.2322138971221589,34.80666549240761,18.700693739771303,10.266817883197538
71,2024-09-06 22,29.19711023768426,0.2194643718470076,34.26073486100973,18.43985945521031,9.111349541708739
72,2024-09-06 23,26.868861705446577,0.2078176831853333,34.0022598501463,17.834733243625777,8.77348603168502
73,2024-09-07 00,20.80673905116438,0.1586711608350424,39.117946912844104,16.348689027885147,7.576304693663786
74,2024-09-07 01,19.48546787266214,0.1520413152061137,38.98938429979088,16.348689027885147,7.592042363593983
75,2024-09-07 02,17.373874281015595,0.14953617788368886,36.50879940786117,14.618608675104193,7.216923449560499
76,2024-09-07 03,17.027346701594315,0.14953617788368886,36.07522677727904,14.618608675104193,7.216923449560499
77,2024-09-07 04,17.220567980773744,0.14995761488977297,34.1315508749482,15.153608329800935,7.375719097555473
78,2024-09-07 05,17.70389684826952,0.15256497084505743,31.04359427088294,15.934480451640042,7.53140540756907
79,2024-09-07 06,18.4688140405259,0.1629187657984999,31.0728318860478,16.404274853988905,7.996524216903042
80,2024-09-07 07,17.42387944619988,0.16239534623761087,31.695592472377115,18.53626759255161,8.508001393504093
81,2024-09-07 08,18.00330202556686,0.16254859956030943,34.64374554259195,19.113986414726803,8.459525960618942
82,2024-09-07 09,17.247089591928166,0.16040377674491368,39.57545703291886,19.081658863374457,8.44541221171054
83,2024-09-07 10,13.29379321987849,0.15810553684456982,46.077335747184755,18.642579531826666,8.439113477130633
84,2024-09-07 11,12.422346083781672,0.15838563711495424,52.64829289522036,18.61175246671874,8.326230806316536
85,2024-09-07 12,12.050511068303319,0.15832692758569572,59.34190326756148,18.59578618073264,8.213757182180967
86,2024-09-07 13,12.050511068303319,0.15831873954673056,60.20403930123914,18.445811646661312,8.507700376572778
87,2024-09-07 14,12.384472714224758,0.15831873954673056,60.45214798286084,18.288269743481997,8.693280487597923
88,2024-09-07 15,13.208751578884845,0.1589002493446687,60.430658227361874,18.26793850092448,8.693280487597923
89,2024-09-07 16,19.572989991524924,0.17670402237575555,54.62564418873471,18.26793850092448,9.090826276947942
90,2024-09-07 17,22.2787291442519,0.1936029828764522,48.41203191852533,18.247354366416836,9.457130834519768
91,2024-09-07 18,26.806170044392825,0.20157670862499286,41.631213961732385,17.447307798905804,10.040501446170023
92,2024-09-07 19,27.927714360796404,0.2014322396128193,39.86998808915674,17.580343809460867,10.4085148583861
93,2024-09-07 20,26.92520737955055,0.19881539976296478,39.13382507623361,17.375847794112165,10.196465820617796
94,2024-09-07 21,26.950968335939265,0.19436401954024107,38.777329909083726,16.488013974401984,9.509818255280717
95,2024-09-07 22,24.20863647636388,0.17807794966217277,38.101512529626,15.783386154018409,8.30785488833171
96,2024-09-07 23,21.578161722474682,0.17074035554831707,37.84853681311677,15.014622331724063,7.822293003435402
97,2024-09-08 00,14.229300993033158,0.15328107809535138,50.02708173077483,11.26551545987762,6.510789538054324
98,2024-09-08 01,12.777706871359081,0.14856281573949195,49.94651003347159,11.218819414719004,6.510789538054324
99,2024-09-08 02,11.699900360455603,0.14468046719724267,48.07249258504943,10.064456086599337,6.297081424198006
100,2024-09-08 03,11.450930297139768,0.14435779374298985,48.32799539346621,10.064456086599337,6.297081424198006
101,2024-09-08 04,11.957273453044348,0.14468505640037002,47.69803684351537,10.470906657288692,6.256222595096114
102,2024-09-08 05,13.191609942460001,0.14762068807487078,46.11267220132929,10.905756827303541,6.710756311704818
103,2024-09-08 06,13.906311298828637,0.15909851808719094,46.118043466514855,11.689960291499787,7.040357425478017
104,2024-09-08 07,13.419797373104243,0.15728115992169608,46.799690043329356,12.345586699713417,7.180450434810623
105,2024-09-08 08,13.76968694222087,0.15778086608492534,48.06795728630776,12.540574472509538,7.18589535963615
106,2024-09-08 09,12.476593003618733,0.15757542924702897,47.16678421020551,12.749256602598452,7.479692830780762
107,2024-09-08 10,12.150617785102188,0.15928997879528545,51.99207300974027,12.892068299467303,7.449330722376273
108,2024-09-08 11,11.419737116450301,0.16008337967122688,54.20612540220897,12.711294476059006,7.449330722376273
109,2024-09-08 12,11.419737116450301,0.16086306745005327,57.26132206669384,12.946239149060643,7.446292365105815
110,2024-09-08 13,11.419737116450301,0.16079983128504005,57.17496422607458,13.283841364291652,7.42635673996799
111,2024-09-08 14,11.763906038728017,0.16079983128504005,57.15427459052155,13.35161464440888,7.490114906199523
112,2024-09-08 15,13.02777303433257,0.1613087492464037,56.581989761188055,13.403296853497372,7.080971676771881
113,2024-09-08 16,14.844089243010842,0.17713937087040385,52.11096691811319,13.317476145069005,7.346756687446387
114,2024-09-08 17,16.73166382566229,0.19030662928470582,49.84835981558626,13.317476145069005,7.797668000720724
115,2024-09-08 18,18.995484601775097,0.19588682392282664,48.555073490335225,13.595225377255213,8.27032241346806
116,2024-09-08 19,19.55234060785156,0.19537098218050905,49.21662675537048,13.728261387810278,8.467985466172811
117,2024-09-08 20,19.254774415777398,0.19212107818959095,49.40241766147266,13.170257799893355,7.937349223960162
118,2024-09-08 21,18.34124656087078,0.18422271474672025,51.54585058179113,11.92418225466195,7.2962508486517414
119,2024-09-08 22,16.34151159845844,0.1668326878268492,51.973258066035584,11.030757799212745,6.3271310649661
120,2024-09-08 23,13.555157325430546,0.15576611150707784,51.973258066035584,9.982590404599675,5.891189804412048
121,2024-09-09 00,6.881243922825147,0.128910981510615,58.6017266063857,8.800305266229271,5.224025203964948
122,2024-09-09 01,6.281651402176891,0.12717999231973653,58.55350476503991,8.800305266229271,5.2099244380581435
123,2024-09-09 02,6.299136245411435,0.12544471141434305,56.949376381717435,8.087512446847086,4.996216324201826
124,2024-09-09 03,6.379000226048857,0.12536230464484258,56.475776325034204,8.087512446847086,4.996216324201826
125,2024-09-09 04,7.72100924999254,0.12545197271248204,56.0890305205555,8.588804517120863,4.952167929151602
126,2024-09-09 05,14.608863274353672,0.13131048098329814,52.19006089373876,9.97084514994593,5.318273622422559
127,2024-09-09 06,16.910047307356123,0.1501026827983338,50.95479019515355,11.402546428724396,5.901717596147432
128,2024-09-09 07,16.94579600158253,0.16292002585926788,51.19592729001468,14.195075284764485,6.7728054713392005
129,2024-09-09 08,15.157963778405037,0.16215892770845985,54.062771722444644,14.266399640359602,6.637804132987884
130,2024-09-09 09,14.54561144007122,0.15702859995300023,53.93642838716163,14.49464093927362,6.934132377385815
131,2024-09-09 10,13.4350209387518,0.15320837807675688,58.99650486384898,14.098113248548547,6.94400719644218
132,2024-09-09 11,11.986186640375887,0.14959678314411942,63.18152237722932,14.164417678558907,6.94400719644218
133,2024-09-09 12,11.990118783582682,0.14709056011527463,66.56854712707056,14.022614626343474,6.940968839171721
134,2024-09-09 13,11.990118783582682,0.1467429389004016,66.39342219947774,13.90575860949638,6.478113441790219
135,2024-09-09 14,12.265643402395673,0.1467429389004016,66.37273256392473,13.752385627903093,6.323170728927604
136,2024-09-09 15,13.5170811946069,0.14722896722731668,65.370745065167,13.468570717477503,6.323170728927604
137,2024-09-09 16,15.025933406997824,0.1652086749450312,61.57857459863691,13.382750009049136,6.429511970258713
138,2024-09-09 17,15.607353136277052,0.17315911370831766,59.95455001128568,13.374728664299923,6.357658955830118
139,2024-09-09 18,16.576842189931188,0.17972084235281233,57.04747679363228,13.92897033062758,6.859122505012361
140,2024-09-09 19,16.352506999487627,0.1791178644184604,56.300101917533425,14.11057999958991,7.040566922335084
141,2024-09-09 20,16.165998566516723,0.1754301512331262,56.644536277561315,13.21495452958551,6.795129766468836
142,2024-09-09 21,14.79969110074303,0.17099776576708706,56.54672448249365,12.41973869678817,6.18200176211338
143,2024-09-09 22,13.266569485563936,0.15331235052924755,56.2062738927563,11.678502778577762,5.513273552518299
144,2024-09-09 23,11.636808626327522,0.14861374597133342,57.16720535028432,10.921212626896505,5.499362338031994
145,2024-09-10 00,6.9129869856780655,0.12168885240976668,57.392163765518134,11.147624148339451,5.66135122477302
146,2024-09-10 01,6.101239560301521,0.11993353055291629,57.41895322948959,11.147624148339451,5.647250458866216
147,2024-09-10 02,6.136077447550625,0.1179850134096488,58.78165048219732,10.322379246761646,5.433542345009898
148,2024-09-10 03,6.2159414281880485,0.11801793105065986,58.70088290748113,10.322379246761646,5.433542345009898
149,2024-09-10 04,7.556604450625149,0.11809331086632714,57.19940569743947,10.883830072872671,5.367703863975067
150,2024-09-10 05,14.646810063811692,0.12376189481818124,53.59739182061985,11.660797670436247,5.605835123026716
151,2024-09-10 06,17.134798720234247,0.14278929764508813,52.25854334153851,13.703595385683512,6.1527875932988305
152,2024-09-10 07,16.923841715975875,0.15370786542416687,52.96028755259618,16.753274474225663,7.048597112357299
153,2024-09-10 08,15.13600949279838,0.15294897753483164,56.2582552062553,16.749275012615435,7.173646840505124
154,2024-09-10 09,14.47429062041441,0.14746786337339862,56.24105924168556,17.235931196222097,7.236560241630848
155,2024-09-10 10,12.79570919534247,0.1432449315615111,61.41269930753645,16.8535086030561,7.270661492549796
156,2024-09-10 11,10.620849009592975,0.14034484056577773,64.14905291728171,17.135397908638677,7.270661492549796
157,2024-09-10 12,10.428999371821224,0.13659231112247391,67.09695385627174,17.007288320751844,7.2676231352793375
158,2024-09-10 13,10.428999371821224,0.13593683193929243,67.10372210963537,16.73053558522334,6.791566023396089
159,2024-09-10 14,10.730015232409809,0.13593683193929243,67.08303247408236,16.913798490435166,6.626521824453171
160,2024-09-10 15,11.38787445705349,0.1364228602662075,66.5660639823395,16.74353512773528,6.626521824453171
161,2024-09-10 16,13.053527457388782,0.15399255999650313,65.30143876669686,16.253340554967597,6.837338115204674
162,2024-09-10 17,13.480252288024879,0.1620716569437845,60.56158837664226,16.425758705555626,6.976412996538707
163,2024-09-10 18,14.92992505986661,0.16968133677442712,57.765220005807855,16.602963420738796,7.4577759533926695
164,2024-09-10 19,15.46076293784167,0.16980050093520302,55.89226297867446,16.708653764420617,7.848197157543851
165,2024-09-10 20,15.275604496630809,0.16745448941768404,55.714174356652634,15.891697622828417,7.814243480428778
166,2024-09-10 21,13.981482650492111,0.1626192336783288,56.89302018511164,15.008558403108083,7.1775684558310795
167,2024-09-10 22,12.737975895791841,0.14451693785839242,57.19112311175193,14.405684708800814,6.243912128953222
168,2024-09-10 23,10.680129126420706,0.13804251969365755,57.19112311175193,13.768300255382895,6.210823099884448
169,2024-09-11 00,7.250879966637107,0.1238579071161479,56.505589447144494,8.611728359156613,5.464690886194059
170,2024-09-11 01,6.42850613312116,0.12203267256284915,56.53237891111595,8.64108362471423,5.450590120287254
171,2024-09-11 02,6.445990976355704,0.12008415541958177,57.13839179369832,7.772741980046027,5.125944024155848
172,2024-09-11 03,6.525854956993124,0.12011707306059283,56.90676714982245,7.772741980046027,5.125944024155848
173,2024-09-11 04,7.791857021732975,0.12020674112823232,55.69333178092352,8.242130800728981,5.066975776998513
174,2024-09-11 05,14.98212097072111,0.12594523777653446,52.21308984861034,9.44358213946764,5.3843379307972326
175,2024-09-11 06,17.274189380231466,0.14464512599409646,50.44895225097058,10.530757019163364,5.931290401069347
176,2024-09-11 07,17.14716287118405,0.156622626924589,51.324985749657635,13.89544544953067,6.698723969240357
177,2024-09-11 08,15.359330648006573,0.15586152877378098,54.904238465959004,13.76904173483688,6.855318690293208
178,2024-09-11 09,14.746978309672755,0.15045033198625757,54.75021242817279,13.989520921656155,6.904195653750437
179,2024-09-11 10,13.580677498777195,0.14651478569950271,59.05630690286715,13.234561364145959,6.938296904669386
180,2024-09-11 11,12.106872635198833,0.14311926076347314,61.6095980563621,13.085252208590326,6.938296904669386
181,2024-09-11 12,12.086283774147018,0.14061303773462835,63.45072776789728,12.974873543287417,6.935271099120356
182,2024-09-11 13,12.086283774147018,0.14026541651975533,63.70932313379755,12.557531124702095,6.433945348015657
183,2024-09-11 14,12.224804193366653,0.14026541651975533,63.68863349824452,12.069625441421497,6.266723989481977
184,2024-09-11 15,13.337493013206243,0.1407514448466704,63.77180886253183,11.783392778897284,6.266723989481977
185,2024-09-11 16,14.871983654725621,0.1580923378731174,61.42274577878521,11.56291359207801,6.416687749336841
186,2024-09-11 17,15.453403384004847,0.16686173827915352,60.211687675335796,11.559461734265222,6.405828528247582
187,2024-09-11 18,16.39984063016846,0.17342346692364818,57.66739082234518,11.872881133200226,6.875320850901796
188,2024-09-11 19,16.26322176190696,0.1745653285423987,56.91194848472553,12.190522351076329,7.101697589408985
189,2024-09-11 20,16.160885300335917,0.17153528354457456,57.75833510188889,11.494279033925494,6.864202555615437
190,2024-09-11 21,14.827306833599545,0.16710289807853543,57.7039785958935,10.99022602099685,6.187265666459629
191,2024-09-11 22,13.374566762626317,0.14941748284069592,57.31947307074561,10.229427503728,5.526775852822582
192,2024-09-11 23,11.757392716815941,0.14429804908987612,57.31947307074561,9.986226642399055,5.391711888952883
193,2024-09-12 00,10.359235014150423,0.165786999706763,49.255208167504634,12.121281082100184,5.883460351650085
194,2024-09-12 01,9.723442765693159,0.1633386050805854,49.272085475314924,12.150636347657802,5.869359585743281
195,2024-09-12 02,9.651923827299107,0.15385334777128598,49.74125826012367,11.301400217680866,5.548379923704221
196,2024-09-12 03,9.73178780793653,0.1534792413130325,49.69706901023596,11.301400217680866,5.548379923704221
197,2024-09-12 04,11.196938135440542,0.15189785216308782,45.99135950517288,12.07205695318436,6.289727694732965
198,2024-09-12 05,18.956898686734093,0.1554629506251845,38.363776852685874,13.55748214590437,6.691935305300293
199,2024-09-12 06,21.786274131377173,0.17315521376902213,36.6601151683453,15.63115449765911,7.285811633381826
200,2024-09-12 07,21.425030355349847,0.19053685761465042,37.51840976885722,18.240611516871805,8.1353809012521
201,2024-09-12 08,19.67676765475813,0.19002496232768815,44.29226815312996,18.235385998470594,7.885046750857354
202,2024-09-12 09,18.072759475422572,0.18307806691313902,50.70838198102812,18.31922230349348,7.347297919024397
203,2024-09-12 10,16.194285462650715,0.17614738677471162,57.963738984305735,16.443437751878253,7.200704312891874
204,2024-09-12 11,14.357712163674135,0.17291370262737293,61.44297915158219,16.43820783349448,7.188369003818076
205,2024-09-12 12,14.028042779932814,0.1654885589817519,65.00864798676956,15.770119063619584,6.971996472827506
206,2024-09-12 13,14.028042779932814,0.16395835518113663,64.8557893769903,15.187917366866015,6.447359115768407
207,2024-09-12 14,14.152835092319197,0.16395835518113663,64.65009482958683,14.443921158264148,6.158206854541538
208,2024-09-12 15,15.014701223406892,0.16444245151569764,64.51516851176297,13.906599099899719,6.158206854541538
209,2024-09-12 16,17.17582973482274,0.1818808151621357,60.81107035814027,13.82276279487684,6.284447592090373
210,2024-09-12 17,18.07425204568777,0.19184966831610892,58.695942851769,13.814741450127627,6.478923042169302
211,2024-09-12 18,19.13768431566665,0.2006621992007917,56.08809458896873,13.8926534731388,7.1099909916159
212,2024-09-12 19,19.46290401154333,0.20111926546394526,53.946129164982196,14.111793870226947,7.39792909064111
213,2024-09-12 20,19.29485700507912,0.20218587114107006,53.69038595176722,13.449120370097008,7.258828243266835
214,2024-09-12 21,18.143037668853676,0.19775348567503093,51.61269456516585,12.415375622887971,6.623924525707464
215,2024-09-12 22,16.042994766406885,0.18692470351258064,51.383178231035885,11.725010673438929,5.948889379150126
216,2024-09-12 23,14.48848816891811,0.18223743326524613,51.383178231035885,11.552405026013103,5.775437963267457
217,2024-09-13 00,13.741016641627972,0.19501428237347315,47.6748948988664,11.0393340520524,7.832692271486585
218,2024-09-13 01,13.177393833693053,0.19194348827541707,47.684467763418716,11.0393340520524,7.81859150557978
219,2024-09-13 02,13.183237912181381,0.18168391860405625,47.65448200534751,10.288086356728048,6.7932801390091875
220,2024-09-13 03,13.263101892818808,0.1814440177946438,47.30258365431866,10.288086356728048,6.7932801390091875
221,2024-09-13 04,15.477325957406645,0.1798769168966713,43.453783679275325,11.383200253308617,7.534627910037932
222,2024-09-13 05,24.226762916245836,0.18344201535876797,35.759625700844786,12.461569076910147,7.900573165033042
223,2024-09-13 06,27.200421250416046,0.19865567813822932,33.682016388509254,14.06876366456914,8.498717012065324
224,2024-09-13 07,25.523061702958994,0.2132844825416525,34.29238640514791,16.862922904693818,8.50988322813889
225,2024-09-13 08,23.20577138578903,0.21277258725469023,40.98294938918688,16.962145886784405,8.261244701937558
226,2024-09-13 09,20.282087968026794,0.2055152434623739,46.37285033811837,16.69941876307915,7.723495870104617
227,2024-09-13 10,16.666530596131018,0.19644369924489405,54.06581831000128,15.493273146700288,7.5769022639720935
228,2024-09-13 11,14.34810359543069,0.19267049006450682,59.476019345177534,15.488043228316515,7.564566954898296
229,2024-09-13 12,13.846002520696253,0.18300124361730905,62.85962271070198,14.69250330622339,6.580544415395894
230,2024-09-13 13,13.846002520696253,0.18190714031585026,63.30155388140116,13.98447765909261,6.034893773079235
231,2024-09-13 14,14.008805441933164,0.18155806342497532,63.09585933399769,14.477580885042443,5.738907347906745
232,2024-09-13 15,14.086768748859615,0.18204215975953633,63.07766238216034,13.998831751928426,5.738907347906745
233,2024-09-13 16,19.010508753706738,0.20039888244769236,58.23457490340262,13.792246552899533,5.865148085455581
234,2024-09-13 17,19.935299882836294,0.21471618524858488,56.64877453576002,13.479151084666556,6.09951001576548
235,2024-09-13 18,21.680442213230357,0.22489493834195054,53.20470107217709,13.757824254412222,6.715599158864047
236,2024-09-13 19,21.254626666290157,0.22532775959321089,51.981970174663694,14.25812687297636,7.124829260185635
237,2024-09-13 20,21.32664016211185,0.22556850669493528,51.42924986196682,13.359354000904437,7.012985975509913
238,2024-09-13 21,20.807125181305782,0.2213072650005242,48.64435297220715,12.415066559013647,6.378082257950542
239,2024-09-13 22,18.07478566182197,0.2104896251167669,48.27839277745646,11.662827200244713,5.694517751195072
240,2024-09-13 23,18.029003170846515,0.20357492888669823,48.27839277745646,11.245844176277512,5.424619048255363
241,2024-09-14 00,21.760837613467242,0.22566850762455926,39.25937089035505,13.338581403449824,7.37304086740993
242,2024-09-14 01,20.692957941358923,0.22397619758769474,39.132140114837405,13.338581403449824,7.37304086740993
243,2024-09-14 02,19.11048649046689,0.2130680108975911,38.511245635322474,12.195380673084184,7.69153079403766
244,2024-09-14 03,18.791684691374126,0.2126939044393376,39.36579235035044,12.195380673084184,7.733315964729259
245,2024-09-14 04,18.769108630850567,0.2112610887058139,37.32691368400389,12.656286611408198,7.999031329737865
246,2024-09-14 05,18.937698537447453,0.21364600977176404,35.222126217371255,14.476938405702308,8.163076426816385
247,2024-09-14 06,19.48599182163729,0.21616998763245016,35.1179611037207,14.732440041231433,9.542153318544461
248,2024-09-14 07,17.59706505377978,0.20750819056111697,36.68507394829573,16.25545615886005,10.144363178668476
249,2024-09-14 08,18.861746880796083,0.20655551488918433,40.16264949321892,16.531271318128738,9.941691160814031
250,2024-09-14 09,15.956472357176953,0.20269210524027334,45.22313327703105,16.592534725225185,9.733675677076535
251,2024-09-14 10,11.706894297137653,0.1922980124927487,51.579145109067255,15.756309462535425,9.661597462172802
252,2024-09-14 11,10.049509490224716,0.19344183071178403,57.60429061708709,15.650192571968963,9.654583996916893
253,2024-09-14 12,8.972328542612432,0.18376700964544568,63.94116046665772,15.641346624740033,9.644071142430336
254,2024-09-14 13,8.972328542612432,0.18264357936072742,65.91016228056206,16.508095163463125,9.445810813281197
255,2024-09-14 14,8.954098680378982,0.18264357936072742,65.20926018809955,16.525322272331792,9.253478426521339
256,2024-09-14 15,8.77554089640199,0.18313822340463895,65.41225211749725,16.676325012626524,9.256362992854973
257,2024-09-14 16,14.371571129513214,0.20581461233874296,59.77144808822947,16.703084004038015,9.571773423411008
258,2024-09-14 17,18.061295011327054,0.2218154799911714,53.68863201813194,16.71635017455302,10.341418644228606
259,2024-09-14 18,22.72225229033699,0.23589533520778758,48.62625001487904,17.292935805534867,12.404071128724649
260,2024-09-14 19,26.17212874351975,0.24213597215261312,44.93533851306004,17.76033191142544,12.767862852915307
261,2024-09-14 20,29.0939628083779,0.2414534466740612,41.22870519637913,18.002131722755756,12.223606551308565
262,2024-09-14 21,29.44397657621815,0.24618846418748921,38.602145109495055,17.41214319375353,11.726711053299924
263,2024-09-14 22,28.03714491375066,0.24031991337669428,37.87214268698291,17.168946240326065,10.895470293741068
264,2024-09-14 23,27.34295503669721,0.24239118427330694,38.35741686514639,16.93560957173578,10.891884482881402
265,2024-09-15 00,24.644686004184052,0.22109671969779238,34.81272897866402,11.912553511470408,6.547048125430379
266,2024-09-15 01,24.84576303068634,0.2164258518306411,34.68549820314637,11.912553511470408,6.547048125430379
267,2024-09-15 02,22.905211738121437,0.20965684460996423,35.93906622010825,10.955884699366857,6.644649317536488
268,2024-09-15 03,22.469085238203924,0.20965684460996423,35.958643160320236,10.955884699366857,6.6846258597552835
269,2024-09-15 04,22.00792984387427,0.20998545869402077,35.59494480712551,11.5705198618969,6.832615645086281
270,2024-09-15 05,23.16807798130503,0.21112658672625462,34.18832772362089,13.20825065323258,7.066929431028241
271,2024-09-15 06,24.498712869616966,0.21127799679334971,34.21903608684699,13.167067145213997,7.481325354292103
272,2024-09-15 07,22.31698111553453,0.20478721638982783,36.103776491133885,14.900971905089252,8.177261537893205
273,2024-09-15 08,23.11496384178987,0.20495188306927342,38.32296804435502,15.610809420248488,8.523664475846582
274,2024-09-15 09,19.48944110165926,0.1987427412827265,47.15024447134212,15.504722512590119,8.2793767480939
275,2024-09-15 10,14.23810557543819,0.1878893974283576,54.837196890838804,14.438498026311668,7.900726423528479
276,2024-09-15 11,12.72215013849598,0.18776386719413446,58.99459720948436,14.508035062410512,7.89371295827257
277,2024-09-15 12,10.182414971053513,0.1771393959295551,65.26433965777585,14.569929229806172,7.7623312314608315
278,2024-09-15 13,10.182414971053513,0.1754879318954242,66.94086497263775,15.49389278939091,7.611403396772997
279,2024-09-15 14,10.182984357661708,0.1752949460195783,66.23237214642262,15.515762256510614,7.429257726266053
280,2024-09-15 15,10.001999529142429,0.17571699822691533,65.89361639704623,15.656608556884171,7.517524654294005
281,2024-09-15 16,17.272633914589957,0.19841870155093053,60.09378537433166,15.74063564542517,8.033151740352476
282,2024-09-15 17,21.025222527234742,0.21407256015128193,53.63113462408357,15.74063564542517,8.901182593543144
283,2024-09-15 18,28.08771437829524,0.2272707172648219,48.45037623450327,16.101649640769367,9.720908964330839
284,2024-09-15 19,32.46654245855098,0.23338538896076672,41.02861970608684,16.38528417196795,9.955380211097149
285,2024-09-15 20,34.74836868019784,0.23304216558760313,38.82567119093637,16.581994858856064,9.417729115553874
286,2024-09-15 21,34.79928660099018,0.23411184296000878,33.09881552079528,16.2187940430105,9.08250758860979
287,2024-09-15 22,33.87186973596995,0.22868465649396533,32.368813098283134,16.44627267409545,8.682591014585748
288,2024-09-15 23,33.19611378533393,0.22751097432828835,32.86167801019923,16.2010765261893,8.77528083850072
289,2024-09-16 00,11.685467049795369,0.16677932763635184,49.08636251287486,11.206841669518312,5.857710464835236
290,2024-09-16 01,10.594519265005868,0.16746737570871237,49.02113897057334,11.206841669518312,5.843609698928431
291,2024-09-16 02,10.379737560263548,0.16555735143332734,46.64395943325866,10.134343144861658,5.702470790689352
292,2024-09-16 03,10.626469454510817,0.16569155708216837,45.86479931015995,10.134343144861658,5.702470790689352
293,2024-09-16 04,13.977377577417016,0.16597191793013497,42.523254585571394,11.270022622183614,6.163848272161768
294,2024-09-16 05,24.28254873271111,0.1719516509884356,33.13017007565017,12.978582274910288,6.599087840273742
295,2024-09-16 06,28.194310625807493,0.19227438276246514,31.438508933308924,15.450516796275778,7.295016515742797
296,2024-09-16 07,27.733850965973147,0.1971302574605777,32.1639938718496,18.029799021009833,8.1998356956502
297,2024-09-16 08,25.229040008421983,0.19634975255186327,40.89731451322258,18.89388136160985,8.06700753414112
298,2024-09-16 09,21.086866441252607,0.18912537100124482,47.05204636715488,18.760913015771244,7.926346245405155
299,2024-09-16 10,16.53437465831782,0.1816621552423721,56.157991377233984,17.99919266320932,7.831860463069214
300,2024-09-16 11,12.816454022683684,0.17784227453948398,64.34375947131441,17.99396274482555,7.831860463069214
301,2024-09-16 12,11.080779428532448,0.16753504123586205,70.8110657718883,17.865853156938716,7.615930817449969
302,2024-09-16 13,11.080779428532448,0.1644827100683626,71.96125194596718,17.323055572815516,7.046550534941384
303,2024-09-16 14,11.469172804986423,0.1644827100683626,71.94056231041417,18.20310306370806,6.6749696030390595
304,2024-09-16 15,11.87545381761848,0.1649668064029236,71.76217869698549,17.91998248316458,6.715574350335493
305,2024-09-16 16,16.28063928122394,0.18396759161681633,66.11723784875005,17.540226999321735,6.845115274325393
306,2024-09-16 17,17.594841061248022,0.20092913656165504,60.988373302480596,17.23515287583797,6.995665161853524
307,2024-09-16 18,20.082046335267616,0.21117875615524817,56.40744937122461,17.37663200458664,7.672011951055399
308,2024-09-16 19,20.208694182213993,0.2120804199654316,53.39969599985083,17.805932900949056,8.076793636339222
309,2024-09-16 20,21.484071039694147,0.21268029000356029,51.901646128624535,16.75553099900186,8.000270684600695
310,2024-09-16 21,21.233041437456528,0.2089027719244022,48.97307591333467,15.84946968804669,6.913568681049729
311,2024-09-16 22,18.68514964035636,0.19410131150584617,48.79933494187753,14.928177374416382,6.232933911393968
312,2024-09-16 23,17.472063141019987,0.18702905005073875,48.79933494187753,14.13432877610677,5.993858355811125
313,2024-09-17 00,11.367998778641976,0.1421200685958935,55.08844059551293,13.875631745401886,6.596162447901502
314,2024-09-17 01,10.637370527667528,0.1397703839111181,54.9006864511518,13.875631745401886,6.582061681994699
315,2024-09-17 02,10.652132091390705,0.13827514844419236,52.780741460704185,13.177556355653945,6.717535834758526
316,2024-09-17 03,10.968344749819167,0.13819274167469192,51.608006700217715,13.23308474753688,6.767973053584421
317,2024-09-17 04,14.453586984461987,0.13854893109402425,49.05738460989311,13.539117469152048,7.2365349200628355
318,2024-09-17 05,22.336886187644527,0.1449167501575442,45.34331389293683,16.643646639984695,7.6490136838736555
319,2024-09-17 06,23.30802579725398,0.16085842468867442,44.75880027922606,16.822351478759867,8.659039631785108
320,2024-09-17 07,23.42655838258479,0.1709687770830618,45.66680439061595,20.377217625628624,9.592122123142294
321,2024-09-17 08,19.7627829323185,0.17020988919372657,49.44593865107715,20.625366086869146,9.459293961633225
322,2024-09-17 09,17.793546223072422,0.16387700032234837,50.858584050491814,20.39319919207896,9.663781855167937
323,2024-09-17 10,16.82246922591605,0.1595017205334599,57.825765156020495,18.740698433159853,9.662706811769056
324,2024-09-17 11,13.92439848503658,0.15379651505579028,63.675873669624835,19.022868416063083,9.655693346513146
325,2024-09-17 12,12.749649501273502,0.148132205672684,70.56031777848469,18.94381986807302,9.663626301028964
326,2024-09-17 13,12.749649501273502,0.14733464813944142,71.99496496579496,18.701065880389972,9.071241288085767
327,2024-09-17 14,12.756636261269703,0.14733464813944142,72.24584859094101,18.88927068220175,8.793855941909065
328,2024-09-17 15,12.750736245643015,0.14765928688340133,71.14733314693831,18.94448508639575,8.779940121721518
329,2024-09-17 16,13.788663892285543,0.1637402034320667,66.29667145728003,18.94448508639575,9.004593102744842
330,2024-09-17 17,14.465283696618135,0.17797695519194687,62.96057041892342,19.125599920562365,9.349747882227309
331,2024-09-17 18,17.05681725742495,0.18632194878799738,59.64002605019616,19.291063150057614,9.88601372129346
332,2024-09-17 19,18.13304782107761,0.18746904308541484,57.99519314704162,19.69056343859606,10.542514751119256
333,2024-09-17 20,20.287720847477992,0.18563169849286218,57.14533848874894,19.76661391910323,10.627159131875715
334,2024-09-17 21,19.4715507731948,0.18109045449743127,56.519688989124596,19.30536229733138,9.952612703333642
335,2024-09-17 22,18.9586241590612,0.1653156755485501,55.79103519938416,18.697772632571514,8.879431126734072
336,2024-09-17 23,17.16069322908519,0.1580496065059973,56.48039339621309,18.24855927760974,8.454669987610355
337,2024-09-18 00,11.2891029707061,0.14272631015434253,51.11722084915018,17.05654973812615,7.223565208178342
338,2024-09-18 01,10.723085549535696,0.14037662546956714,50.947652588904226,17.05654973812615,7.209464442271536
339,2024-09-18 02,10.85629440776584,0.13616440470382118,47.69601451378907,15.505208833348977,7.120975640006653
340,2024-09-18 03,11.005639152584456,0.13608199793432074,46.55332173359422,15.530669256012779,7.126624333755554
341,2024-09-18 04,14.3329993534422,0.13643818735365307,44.284874816655076,15.911042361670072,7.235883200334539
342,2024-09-18 05,22.042331708679356,0.14412628630750873,40.570984717507415,18.891408072623687,7.521108771645293
343,2024-09-18 06,22.822090385919758,0.16250578101481744,40.12093371175462,19.563674658015856,8.550941775938744
344,2024-09-18 07,22.651226743938874,0.17502997301296158,41.05395011864777,23.65422228093751,9.384016937734998
345,2024-09-18 08,19.032992325079324,0.17265827579168538,44.169383134467836,23.91113492498017,9.217750479824439
346,2024-09-18 09,17.19829420190366,0.16614995240469096,45.4115690521965,24.016655613229396,9.33784299646983
347,2024-09-18 10,16.313204717244094,0.1617746726158025,52.428927340637514,21.73182676024507,9.282651768192938
348,2024-09-18 11,13.559348230923188,0.15693166973722186,58.78368423747045,21.462011236776913,9.275638302937029
349,2024-09-18 12,12.863073857716996,0.15081785729923344,65.05315626584235,21.38296268878685,9.283571257452847
350,2024-09-18 13,12.863073857716996,0.14996743304644328,65.30118570338692,20.001081662541658,8.572860521809606
351,2024-09-18 14,12.951046184089915,0.14996743304644328,65.9478683282328,20.340710546376513,8.37945518616141
352,2024-09-18 15,13.017662532322158,0.1502920717904032,65.86334954781634,20.951527016536634,8.420059933457841
353,2024-09-18 16,14.055590178964689,0.16681325728949362,61.37132389302193,20.639247138239895,8.702232001285664
354,2024-09-18 17,14.754842799386891,0.1760168066498691,60.424118531272335,20.635383001772787,8.750547209221574
355,2024-09-18 18,16.806686927038655,0.1812886815376763,59.25035614727329,20.70309909687129,9.317454585183318
356,2024-09-18 19,18.29761804809509,0.18149579351818096,57.834918174071824,21.11857525572957,9.550013181846074
357,2024-09-18 20,19.629480955205562,0.17945557920598143,57.135318704035335,21.48400673846352,9.639252539052473
358,2024-09-18 21,18.953159722839448,0.17474319143892247,55.69720093277027,21.126617846838815,9.077157304217655
359,2024-09-18 22,18.34379284401144,0.15831968358192025,55.218905722665575,20.079012795970893,8.01975066859206
360,2024-09-18 23,16.78270812967502,0.15143941488264748,54.39633862766057,19.55018117284587,8.081578283752647
361,2024-09-19 00,11.86216465459142,0.14671618323901736,52.805920627864694,16.887568672580503,8.644366934745664
362,2024-09-19 01,11.420069705669059,0.1442389808669282,52.63635236761874,16.887568672580503,8.646003838769058
363,2024-09-19 02,11.14630213281162,0.14295698163787635,49.49361070820119,15.477383018811459,8.34264044501046
364,2024-09-19 03,11.295646877630235,0.1428745748683759,48.32087594771472,15.502843441475251,8.401508608512604
365,2024-09-19 04,14.118022886445846,0.14396012256787025,45.96698231476429,16.184721859234664,8.610883302793077
366,2024-09-19 05,21.7999510216717,0.14974415250729234,42.285594475743295,19.158641022399006,8.9378656853627
367,2024-09-19 06,22.603059663176936,0.1669479935147697,42.08040744932393,19.730393275630004,9.851815880234417
368,2024-09-19 07,22.432196021196052,0.1799735281439433,42.955366094823816,22.79877251922236,10.67463841647088
369,2024-09-19 08,18.8139616023365,0.179262117478803,46.24557205427554,22.94823808644589,10.542176672006802
370,2024-09-19 09,16.774225494520206,0.17066379443168814,47.736664552935665,22.508913081825067,10.229105899217817
371,2024-09-19 10,15.842053803657352,0.16628851464279967,55.79264739002832,20.728671422835983,10.153947473835126
372,2024-09-19 11,13.096820742857975,0.16073905327019836,62.606748486186504,20.841148701040623,10.146934008579217
373,2024-09-19 12,12.953801457503435,0.15591246150215476,69.43883007317251,20.688931222061267,10.034460384443648
374,2024-09-19 13,12.953801457503435,0.15512297713222753,70.00600891608171,20.32439796777058,9.358195998708757
375,2024-09-19 14,12.98456484449145,0.15512297713222753,70.48237550048616,20.281734049932638,9.189703718403962
376,2024-09-19 15,13.017204281042352,0.15544761587618744,70.458531301888,20.18435607113063,9.189703718403962
377,2024-09-19 16,14.15037900336029,0.17080226891897368,65.93965700773275,19.724975860141996,9.47097563827041
378,2024-09-19 17,14.855092865467999,0.17866721249889536,63.60469522357052,19.776674975556066,9.589683028724448
379,2024-09-19 18,16.81418150251053,0.18709260890806287,61.5296101642377,19.887068488458794,10.154179093769462
380,2024-09-19 19,18.33961044482503,0.1875612564957535,59.95203773755489,20.228363980792153,10.487619629076471
381,2024-09-19 20,19.4822407200439,0.18463830077997273,58.881155083894555,20.51505904211961,10.425759262591342
382,2024-09-19 21,18.806686637331165,0.17992591301291377,57.669357532493954,20.429924327975904,9.812551146287227
383,2024-09-19 22,18.364150524564838,0.16451786435337099,57.08131353241432,19.956332395557695,8.76199170843235
384,2024-09-19 23,16.587693964253305,0.15563429299826206,56.429062477850756,19.612131255893157,8.81532670877882
385,2024-09-20 00,20.35533715922354,0.17748644114445328,43.75310704712227,16.795171923391145,9.086374453642158
386,2024-09-20 01,19.189760829785552,0.17689701043843414,43.627043824458134,16.795171923391145,9.113795419309913
387,2024-09-20 02,20.250815495605,0.16606318713914353,42.422283426536566,15.186036206968405,8.952153944177558
388,2024-09-20 03,20.392556001674578,0.16550383048886255,40.183512961665926,15.211496629632208,8.952153944177558
389,2024-09-20 04,26.17503129314123,0.1661026044438663,32.282420254550466,15.73361584527484,9.095696712265616
390,2024-09-20 05,33.84859115337358,0.17440237294248423,25.337486024612776,17.44121346617594,9.092207864858619
391,2024-09-20 06,36.36017776298259,0.19289875348817143,23.621121283231243,18.33080907925262,10.697777197991343
392,2024-09-20 07,36.34637959361699,0.206653827877889,23.969895611083537,21.444099643511073,11.645124707873672
393,2024-09-20 08,31.837051061284033,0.205708194720256,31.366153112633857,22.137280768135003,11.960127664533436
394,2024-09-20 09,27.45038176172086,0.1985734736965471,38.81656508367716,22.18854008278983,12.105538259526455
395,2024-09-20 10,24.960413171997168,0.1902098944157259,42.39422098511388,20.709705299439637,12.056326254052713
396,2024-09-20 11,22.289117233874723,0.18660319936121048,47.54875418967288,20.92749249046195,12.056326254052713
397,2024-09-20 12,21.343369466293773,0.190518788724336,54.659573287893,21.00503917871557,11.894336980020112
398,2024-09-20 13,21.343369466293773,0.18911890065353035,59.013083414563695,20.53622453645669,11.263350250626088
399,2024-09-20 14,21.26980925789884,0.18911890065353035,59.2900448719774,20.46972878624098,11.059516112904985
400,2024-09-20 15,22.287458478163657,0.1886266775586968,59.21617803639127,19.825806003120693,10.880347860050993
401,2024-09-20 16,23.8902830973663,0.2069665492942865,53.66740364975506,19.825806003120693,11.106271066690715
402,2024-09-20 17,26.505302028661845,0.22021403484721033,49.93180085316098,19.818057630576497,11.562240732317841
403,2024-09-20 18,27.609138515887924,0.22035706504972188,45.28640794707236,19.328133423519223,12.201832354260205
404,2024-09-20 19,28.249390363035303,0.2261646345583305,44.71079207646815,18.739928680762272,12.441858918045169
405,2024-09-20 20,28.404963358793452,0.2223698539861124,44.07350116894465,18.765301753700328,11.8831234867753
406,2024-09-20 21,28.198440482443868,0.21876804720590912,42.731181355020524,17.800238939967326,11.320780918884598
407,2024-09-20 22,26.099514880253786,0.2016633948606534,42.28352493042102,17.417083290612595,10.292868044431161
408,2024-09-20 23,23.489746401038243,0.19283109523763584,42.00169643811979,17.16515938300174,10.208267350474149
409,2024-09-21 00,21.055509783401742,0.1741302302633613,40.42444945274809,16.659209767948088,7.808542650201201
410,2024-09-21 01,19.654587847728518,0.1704933537570891,40.298386230083956,16.659209767948088,7.824280320131399
411,2024-09-21 02,18.1483270316166,0.16350960687107075,38.861066106474176,14.717028603297827,7.3943239739492475
412,2024-09-21 03,17.963906145980275,0.16350960687107075,38.64527892597561,14.717028603297827,7.429951390111719
413,2024-09-21 04,18.27111084666016,0.1640192692887072,37.02584412860585,15.282337675788021,7.642455796414361
414,2024-09-21 05,18.280681061529695,0.16501123062165565,33.81383484540671,16.998353003211587,7.802476406641895
415,2024-09-21 06,18.405274128250806,0.17471179883411705,33.957489575939256,18.430122477477187,8.35480618107136
416,2024-09-21 07,16.851416668803438,0.1730025447804445,34.67872039201519,19.249021963099157,9.017488994936565
417,2024-09-21 08,17.35721408019025,0.17141048842135556,37.95838953306813,19.78881804843879,8.95225103116358
418,2024-09-21 09,15.922155484782122,0.17031974678172096,43.058032921658366,19.71006719011453,8.75037781353501
419,2024-09-21 10,12.161635287236543,0.16706412531845077,51.48375046313042,18.80057635867036,8.708451662792632
420,2024-09-21 11,11.073678438778812,0.1667380990916858,58.53050973684879,19.224577706921384,8.595568991978535
421,2024-09-21 12,10.233019982066441,0.16409540398822786,65.90149699997434,19.24092026700366,8.483095367842965
422,2024-09-21 13,10.233019982066441,0.16328583809039984,66.02617041408367,19.15288862904152,8.463873738631829
423,2024-09-21 14,10.55098890142884,0.16328583809039984,66.27427909570535,19.424699532675024,8.30130637123176
424,2024-09-21 15,12.377309424853303,0.16386734788833798,66.20041226011921,19.57293909240997,8.30130637123176
425,2024-09-21 16,18.257087645639462,0.18233300339591482,59.860959093371804,19.400480986217282,8.874571752748976
426,2024-09-21 17,20.850680386583402,0.20182625630882856,52.146039660380154,19.37989685170964,9.695700985417625
427,2024-09-21 18,27.302748853069044,0.21642713036466227,46.29294960357292,19.52064095011869,10.440500055723504
428,2024-09-21 19,29.312791480215036,0.22733949552500243,43.05318289316814,18.11738925063507,10.783389304093618
429,2024-09-21 20,28.899860643744397,0.22575852767462118,41.91147646672166,18.192002734809037,10.056026239142478
430,2024-09-21 21,28.95841105611682,0.22224141814376516,41.399843464475424,17.61063481646043,9.361014454527313
431,2024-09-21 22,24.311066762176118,0.2054692829398336,40.938092292478,17.319159270922988,8.161644149243509
432,2024-09-21 23,23.126918885781972,0.19608147817605326,40.68511657596877,16.381994392160895,7.794197537862742
433,2024-09-22 00,23.054020139587816,0.15462172831527643,38.851469549964506,13.02351800021302,8.07219660955394
434,2024-09-22 01,22.212348995755203,0.14726375931487704,38.843024512167254,13.02351800021302,8.07219660955394
435,2024-09-22 02,20.72903933276033,0.14292438658947978,39.04251087204921,11.700101153103075,7.8778037862589985
436,2024-09-22 03,20.480069269444485,0.14292438658947978,38.798954160182525,11.700101153103075,7.8778037862589985
437,2024-09-22 04,20.844040262855508,0.14325164924685996,35.921181078229914,12.050055180080314,7.966931148529211
438,2024-09-22 05,20.719192957733245,0.14891974259963925,32.72140810844822,12.96142145826466,7.835253051473712
439,2024-09-22 06,21.631527269713217,0.15622499761218964,32.65547863771055,13.479698654880986,8.45889186474513
440,2024-09-22 07,21.080952289574892,0.15729995713388098,33.311493138648174,14.684161629254847,9.202193973634431
441,2024-09-22 08,21.840144724867177,0.15759993068608122,36.80362624069182,15.023651578102786,9.529039427212938
442,2024-09-22 09,20.30563665851998,0.1584284138575016,40.97526764180941,15.153823692638532,9.563706894528439
443,2024-09-22 10,19.80189683518787,0.15912893573386833,47.3708095440772,14.871134400751956,9.50741009086335
444,2024-09-22 11,19.33435625273453,0.15993107013608587,50.961547456595206,14.865904482368183,9.50741009086335
445,2024-09-22 12,19.345068061320227,0.1609806117293766,55.40472185455408,14.85694405059354,9.471863328677646
446,2024-09-22 13,19.345068061320227,0.16064140433579605,56.18687319015772,15.025560206267077,9.490556631590708
447,2024-09-22 14,19.571897828708153,0.16064140433579605,56.182006155270194,15.025560206267077,9.576260021912885
448,2024-09-22 15,20.31859240381532,0.16122291413373419,55.63691730887426,15.077242415355569,9.539865012899678
449,2024-09-22 16,23.184990378688838,0.17769919970164735,49.61437466261926,15.077242415355569,10.104942072294772
450,2024-09-22 17,27.83553264156865,0.1931934280087848,43.886976133971,15.077242415355569,10.915581640974365
451,2024-09-22 18,32.902611702369796,0.2092522352495194,37.23875075947102,15.22183883046398,11.618547142744237
452,2024-09-22 19,33.67691397385594,0.21376551558962373,36.3112143360754,15.390363150043454,11.891253075375449
453,2024-09-22 20,33.10667890452573,0.2106591220743448,35.680143069912624,15.172205399983964,10.949388530338199
454,2024-09-22 21,32.87411994929399,0.20645433266716917,35.275234567973804,14.31865841462259,10.123172167747938
455,2024-09-22 22,28.092518271209283,0.18929921711786743,36.152530293627244,13.780803000497276,8.954504176183852
456,2024-09-22 23,25.002409766982343,0.1774618899696675,36.152530293627244,12.975823665223839,8.378546915112073
457,2024-09-23 00,17.489126004821284,0.1552276144940684,49.979038974376294,12.272411620969937,6.538655908698585
458,2024-09-23 01,15.572566750059892,0.15257885875984348,49.95813768806503,12.225715575811321,6.5245551427917805
459,2024-09-23 02,14.429530374393625,0.14917434835772325,48.30665102365961,11.427081116510514,6.357696343821782
460,2024-09-23 03,14.550655779059642,0.14917434835772325,47.088292382964056,11.452541539174318,6.357696343821782
461,2024-09-23 04,18.473492709944868,0.1495912790827429,44.39659648519906,12.335855989458974,6.328701341244216
462,2024-09-23 05,26.149868534757374,0.1576462000378624,39.7745149086199,13.31587383708072,6.641721981487082
463,2024-09-23 06,28.260792428141528,0.17798831064046133,38.922256481830836,15.051650774986852,7.193479262968096
464,2024-09-23 07,27.951195726261034,0.18825798480549483,39.45092618301929,17.574303816068454,7.813762515054
465,2024-09-23 08,24.637041836325608,0.1874774798967804,44.19850634295036,17.72019461159729,7.691690361413944
466,2024-09-23 09,20.188267939367826,0.1798808264212521,45.01813768063866,17.811371084176734,7.68756557160515
467,2024-09-23 10,17.404904837996444,0.17189373334178296,51.53468956941634,15.640360198709551,7.697440390661515
468,2024-09-23 11,14.686108978348448,0.16606088311301676,58.02019338926416,15.03503575970748,7.697440390661515
469,2024-09-23 12,14.478012334919375,0.16212614696186436,62.649202041736245,15.6746417552259,7.674435724058392
470,2024-09-23 13,14.478012334919375,0.1611149905450622,64.83890598042261,14.656650324602914,7.169973203373013
471,2024-09-23 14,14.791088393270925,0.1611149905450622,64.8340389455351,14.544132598777027,6.986204887599847
472,2024-09-23 15,15.35385001231138,0.1615990868796232,64.28895009913911,14.013334056150192,6.986204887599847
473,2024-09-23 16,20.531527019298792,0.18023652597602735,58.25717697383041,13.902598414745643,7.222126344946207
474,2024-09-23 17,22.069766433825457,0.19753858706024413,52.74172222384883,13.902598414745643,7.699043826628996
475,2024-09-23 18,23.32875313358171,0.2059275646006078,47.305185693302036,13.971067538202044,8.268912157114192
476,2024-09-23 19,24.50689218297261,0.2060009645650725,44.372297986759946,14.396665165798174,8.489002620691304
477,2024-09-23 20,23.931059368453226,0.20182482235848795,44.76257913818253,13.176363018794525,7.977893399059517
478,2024-09-23 21,22.768623570431224,0.19530583245618066,45.66237160727036,11.678981390670709,7.2924435917282
479,2024-09-23 22,17.659656955141426,0.17725744861364276,46.19295790826755,10.331713788203794,6.231262297348252
480,2024-09-23 23,16.104542723267436,0.1684327118246688,46.19295790826755,9.603238406457036,5.787122259762471
481,2024-09-24 00,7.012035025690966,0.14141705727416704,52.493823561647204,8.856581405578055,4.3893463397035
482,2024-09-24 01,6.251519372284581,0.13822072492367693,52.505272131293395,8.80988536041944,4.3893463397035
483,2024-09-24 02,6.269004215519125,0.13576110881298076,53.7554698735011,7.8902678067315986,4.175638225847182
484,2024-09-24 03,6.348868196156545,0.13543843535872793,53.39476477145936,7.8902678067315986,4.175638225847182
485,2024-09-24 04,7.846621235910105,0.13522097704869368,51.91094421181291,8.18253566367308,4.077347475652653
486,2024-09-24 05,14.79678943558401,0.14095947369699616,47.27463886612401,8.970194059233965,4.626159581385986
487,2024-09-24 06,17.74329485921196,0.15817704401779142,45.26356787980028,9.88473526300135,5.088475391331362
488,2024-09-24 07,18.0036361505582,0.17203421452687287,45.654899964927495,11.606902493062002,5.879910862371723
489,2024-09-24 08,16.214229993880934,0.17145344222918746,49.172218186067454,11.817347617193809,5.757838708731667
490,2024-09-24 09,15.654237386793264,0.16607942445947846,48.540383943224874,12.105063374262446,5.865503261763564
491,2024-09-24 10,14.663080861718795,0.16455398547531908,53.0125967546474,11.727778547428255,5.881828574337953
492,2024-09-24 11,13.242905684619767,0.16176193523861845,53.51744769603439,11.24626299335434,5.881828574337953
493,2024-09-24 12,13.188288242210708,0.15977840718677364,55.53617113425999,11.235664747468865,5.878790217067494
494,2024-09-24 13,13.188288242210708,0.15941405837360462,54.80540140165052,10.998600943088839,5.58130180270249
495,2024-09-24 14,13.438063015057539,0.15941405837360462,54.784711766097494,10.701123507431248,5.357341957353486
496,2024-09-24 15,14.264378977415367,0.15982556287159114,54.52616519272566,10.430602501916669,4.948198727925845
497,2024-09-24 16,16.009941885722164,0.17841244573701234,52.47695779893911,10.285307335333682,5.109513488828185
498,2024-09-24 17,16.575716754965104,0.19284664453210332,50.12456913189068,10.277285990584469,5.151985143292011
499,2024-09-24 18,16.429363790189896,0.19601779881618547,49.03446535848796,10.456535532990804,5.53573096118114
500,2024-09-24 19,16.014317202460074,0.19588385928677812,49.91915174403986,10.62361919263716,5.733430508589228
501,2024-09-24 20,15.548932099215268,0.19013874539013348,50.50735985803402,10.100610005216591,5.71555864477673
502,2024-09-24 21,13.961911355331685,0.18450322847012735,51.26184266386862,9.461291959296817,5.195865545640307
503,2024-09-24 22,12.31002357598509,0.16489643986304162,51.37304845230256,8.678706127040643,4.562167923769213
